City_ID,City,Lat,Lng,Max Temp,Humidity,Cloudiness,Wind Speed,Country,Date
0,tanete,-3.9443,119.7848,23.98,94,81,1.04,ID,1680539277
1,mahebourg,-20.4081,57.7,26.81,83,40,2.57,MU,1680539733
2,port augusta,-32.5,137.7667,17.08,32,5,1.73,AU,1680539277
3,punta arenas,-53.15,-70.9167,16.06,47,0,8.23,CL,1680539733
4,constitucion,-35.3333,-72.4167,19.94,54,100,6.61,CL,1680539733
5,hasaki,35.7333,140.8333,7.9,52,0,5.31,JP,1680539734
6,itarema,-2.9248,-39.9167,28.02,74,74,2.35,BR,1680539278
7,ushuaia,-54.8,-68.3,16.81,36,20,9.26,AR,1680539734
8,jamestown,42.097,-79.2353,15.77,44,0,6.17,US,1680539734
9,sicamous,50.8331,-118.9856,1.77,79,100,0.96,CA,1680539278
10,pevek,69.7008,170.3133,-33.14,100,81,2.92,RU,1680539734
11,barrow,71.2906,-156.7887,-16.99,85,100,5.66,US,1680539734
12,pangnirtung,66.1451,-65.7125,-18.0,78,20,3.6,CA,1680539735
13,avarua,-21.2078,-159.775,25.03,69,95,2.06,CK,1680539735
14,qaanaaq,77.484,-69.3632,-21.93,73,0,1.01,GL,1680539735
15,butaritari,3.0707,172.7902,27.61,80,90,7.88,KI,1680539735
16,norman wells,65.282,-126.8329,-9.98,85,100,1.03,CA,1680539736
17,albany,42.6001,-73.9662,12.12,31,36,2.24,US,1680539674
18,pisco,-13.7,-76.2167,26.12,83,0,3.6,PE,1680539736
19,kavaratti,10.5669,72.642,28.25,69,15,5.34,IN,1680539736
20,sur,22.5667,59.5289,24.31,55,6,1.2,OM,1680539279
21,sitka,57.0531,-135.33,2.94,75,20,4.12,US,1680539279
22,chuy,-33.6971,-53.4616,15.95,85,100,0.99,UY,1680539736
23,carnarvon,-24.8667,113.6333,24.35,74,86,3.79,AU,1680539737
24,khatanga,71.9667,102.5,-22.39,99,100,2.7,RU,1680539737
25,coruripe,-10.1256,-36.1756,29.54,61,99,4.08,BR,1680538988
26,mataura,-46.1927,168.8643,7.45,92,77,0.6,NZ,1680539468
27,omboue,-1.5746,9.2618,26.77,82,89,4.48,GA,1680539737
28,batagay-alyta,67.8006,130.4114,-19.21,88,92,3.12,RU,1680539737
29,kurya,51.6003,82.2888,0.18,52,0,0.49,RU,1680539279
30,thompson,55.7435,-97.8558,-18.91,71,20,0.0,CA,1680539737
31,hobart,-42.8794,147.3294,13.36,87,75,3.09,AU,1680539523
32,yellowknife,62.456,-114.3525,-14.71,72,75,1.03,CA,1680539738
33,airai,-8.9266,125.4092,14.67,92,100,0.84,TL,1680539738
34,puerto escondido,15.85,-97.0667,30.46,79,40,2.57,MX,1680539279
35,husavik,66.0449,-17.3389,3.63,99,100,4.5,IS,1680539738
36,zonguldak,41.25,31.8333,13.34,76,98,2.19,TR,1680539279
37,bethel,41.3712,-73.414,12.42,40,0,5.66,US,1680539738
38,saldanha,-33.0117,17.9442,21.03,85,53,4.5,ZA,1680539738
39,cherskiy,68.75,161.3,-28.68,95,40,3.49,RU,1680539593
40,souillac,-20.5167,57.5167,26.21,83,40,2.57,MU,1680539738
41,narsaq,60.9167,-46.05,10.12,93,100,3.38,GL,1680539738
42,hermanus,-34.4187,19.2345,18.78,80,59,3.7,ZA,1680539738
43,vaini,-21.2,-175.2,22.09,94,20,2.57,TO,1680539649
44,severo-kurilsk,50.6789,156.125,0.13,84,77,5.34,RU,1680539535
45,hofn,64.2539,-15.2082,8.01,87,100,4.12,IS,1680539738
46,rikitea,-23.1203,-134.9692,26.8,81,72,5.65,PF,1680539651
47,busselton,-33.65,115.3333,14.24,89,2,3.48,AU,1680539739
48,bredasdorp,-34.5322,20.0403,18.16,71,73,4.4,ZA,1680539739
49,lincoln,40.8,-96.667,12.32,31,100,5.66,US,1680539280
50,bonthe,7.5264,-12.505,30.26,63,43,6.33,SL,1680539280
51,fort nelson,58.8053,-122.7002,-2.81,68,75,4.47,CA,1680539280
52,coahuayana,18.7333,-103.6833,31.66,34,63,2.9,MX,1680539739
53,bathsheba,13.2167,-59.5167,30.34,58,40,9.77,BB,1680539739
54,singapore,1.2897,103.8501,26.97,82,75,2.57,SG,1680539090
55,shiyan,32.6475,110.7781,10.8,93,100,1.18,CN,1680539281
56,noumea,-22.2763,166.4572,27.22,99,25,3.37,NC,1680539739
57,sistranda,63.7256,8.834,3.98,84,100,9.8,NO,1680539281
58,mana,5.6592,-53.7767,28.54,59,94,4.57,GF,1680539740
59,hun,29.1268,15.9477,23.2,10,0,9.32,LY,1680539285
60,romny,50.751,33.4747,7.27,90,100,1.76,UA,1680539285
61,sao felix do xingu,-6.6447,-51.995,24.77,83,100,0.46,BR,1680539285
62,kodiak,57.79,-152.4072,-1.27,93,100,2.06,US,1680539469
63,pakhtakoron,40.1571,68.7466,13.99,77,100,0.43,TJ,1680539285
64,boshnyakovo,49.6333,142.1667,0.13,86,98,3.67,RU,1680539285
65,touros,-5.1989,-35.4608,29.62,63,97,3.68,BR,1680539285
66,rio gallegos,-51.6226,-69.2181,17.03,34,75,10.8,AR,1680539285
67,vostok,46.4856,135.8833,5.67,79,100,2.73,RU,1680539740
68,tasiilaq,65.6145,-37.6368,-4.91,79,100,2.51,GL,1680539740
69,del rio,29.3627,-100.8968,29.02,65,0,4.12,US,1680539262
70,tutoia,-2.7619,-42.2744,27.13,75,99,2.63,BR,1680539285
71,port alfred,-33.5906,26.891,19.54,74,67,3.13,ZA,1680539740
72,aasiaat,68.7098,-52.8699,-17.55,81,30,0.53,GL,1680539285
73,vanimo,-2.6741,141.3028,25.26,89,99,1.12,PG,1680539286
74,dalby,-27.1833,151.2667,17.44,83,0,4.41,AU,1680539286
75,manavalakurichi,8.1333,77.3,26.86,80,7,4.56,IN,1680539286
76,da nang,16.0678,108.2208,25.99,78,20,1.03,VN,1680539286
77,buchach,49.0625,25.388,2.01,86,100,5.3,UA,1680539286
78,cape town,-33.9258,18.4232,22.99,67,40,2.06,ZA,1680539700
79,nanchong,30.7951,106.0847,11.56,78,85,2.06,CN,1680539286
80,safaga,26.7292,33.9365,23.72,44,71,0.66,EG,1680539286
81,imeni babushkina,59.7573,43.1285,4.22,99,100,3.41,RU,1680539286
82,anshan,41.1236,122.99,12.15,35,100,4.71,CN,1680539287
83,marystown,47.1666,-55.1483,-0.64,100,95,5.36,CA,1680539287
84,yanam,16.7333,82.2167,26.97,84,94,1.68,IN,1680539741
85,ribeira grande,38.5167,-28.7,17.22,63,20,6.17,PT,1680539741
86,kankaanpaa,61.8,22.4167,0.42,87,67,1.47,FI,1680539287
87,meulaboh,4.1363,96.1285,25.11,85,98,1.83,ID,1680539741
88,otjimbingwe,-22.35,16.1333,32.36,16,13,8.78,NA,1680539287
89,tilichiki,60.4667,166.1,-10.64,95,100,4.51,RU,1680539741
90,krizevci,46.0219,16.5425,7.77,49,76,7.69,HR,1680539287
91,boali,4.8005,18.1275,35.98,28,92,2.62,CF,1680539288
92,moose factory,51.2585,-80.6094,-8.0,57,20,7.2,CA,1680539742
93,san patricio,28.017,-97.5169,29.53,50,65,7.16,US,1680539742
94,bluff,-46.6,168.3333,13.69,78,68,7.08,NZ,1680539742
95,byron bay,-28.65,153.6167,18.17,94,61,4.87,AU,1680539717
96,xichang,27.8964,102.2634,14.52,44,27,1.9,CN,1680539288
97,barcelona,41.3888,2.159,18.99,63,0,4.63,ES,1680539257
98,chepareria,1.3077,35.2039,18.03,82,61,1.91,KE,1680539288
99,kapoeta,4.7717,33.5903,29.81,41,77,6.54,SS,1680539288
100,saint-francois,46.4154,3.9054,6.69,81,100,5.14,FR,1680539288
101,beloha,-25.1667,45.05,23.2,85,47,6.22,MG,1680539742
102,dalvik,65.9702,-18.5286,6.96,99,100,3.92,IS,1680539289
103,dawson creek,55.7666,-120.2362,-5.2,86,0,0.0,CA,1680539025
104,nanortalik,60.1432,-45.2371,2.83,87,100,2.11,GL,1680539742
105,olafsvik,64.8945,-23.7142,5.23,90,100,9.84,IS,1680539742
106,port elizabeth,-33.918,25.5701,19.16,87,20,12.35,ZA,1680539697
107,puerto ayora,-0.7393,-90.3518,30.98,88,62,2.24,EC,1680539742
108,coihaique,-45.5752,-72.0662,14.34,62,75,2.57,CL,1680539578
109,dingle,10.9995,122.6711,24.53,84,100,2.65,PH,1680539743
110,chiredzi,-21.05,31.6667,24.77,56,0,2.83,ZW,1680539289
111,grand gaube,-20.0064,57.6608,26.88,72,63,2.24,MU,1680539743
112,mar del plata,-38.0023,-57.5575,22.01,68,75,2.57,AR,1680539743
113,carutapera,-1.195,-46.02,22.79,99,100,0.2,BR,1680539291
114,hambantota,6.1241,81.1185,27.17,77,93,1.36,LK,1680539743
115,kaitangata,-46.2817,169.8464,10.3,78,98,2.39,NZ,1680539743
116,bo phloi,14.3236,99.5161,28.12,51,62,1.78,TH,1680539292
117,saint-philippe,-21.3585,55.7679,24.77,83,100,3.12,RE,1680539743
118,college,64.8569,-147.8028,-15.01,81,75,1.54,US,1680539263
119,paamiut,61.994,-49.6678,1.06,87,100,4.84,GL,1680539292
120,ponta delgada,37.7333,-25.6667,16.4,63,40,3.6,PT,1680539743
121,nouadhibou,20.931,-17.0347,24.99,57,5,8.75,MR,1680539744
122,ericeira,38.9627,-9.4156,19.82,65,20,4.63,PT,1680539292
123,pekan,3.4836,103.3996,25.06,88,37,1.56,MY,1680539292
124,castro,-24.7911,-50.0119,23.95,52,0,0.54,BR,1680539511
125,adre,13.4667,22.2,35.17,10,71,3.44,TD,1680539292
126,ottawa,45.4112,-75.6981,8.16,72,75,3.09,CA,1680539122
127,zarubino,42.63,131.0922,4.75,90,100,1.42,RU,1680539292
128,asau,46.4333,26.4,6.51,94,100,2.35,RO,1680539292
129,east london,-33.0153,27.9116,20.52,77,20,5.66,ZA,1680539467
130,stjordalshalsen,63.4681,10.9262,6.07,52,0,0.0,NO,1680539293
131,cairns,-16.9167,145.7667,25.04,97,100,1.03,AU,1680539293
132,katsuura,35.1333,140.3,10.33,61,0,5.06,JP,1680539744
133,bambous virieux,-20.3428,57.7575,26.79,83,40,2.57,MU,1680539744
134,bonnyville,54.2668,-110.735,-4.11,91,95,3.28,CA,1680539293
135,arraial do cabo,-22.9661,-42.0278,26.98,61,20,3.6,BR,1680539745
136,videbaek,56.0876,8.6285,9.28,43,39,1.48,DK,1680539293
137,cooma,-36.2333,149.1333,9.38,97,19,1.66,AU,1680539293
138,san cristobal,7.7669,-72.225,25.1,46,82,0.95,VE,1680539652
139,komsomolskiy,40.4272,71.7189,16.4,51,100,8.23,UZ,1680539294
140,viedma,-40.8135,-62.9967,22.08,42,0,2.41,AR,1680539294
141,choma,-16.8065,26.9531,20.18,75,100,3.04,ZM,1680539295
142,ornskoldsvik,63.2909,18.7153,-0.47,64,0,4.63,SE,1680539295
143,tabou,4.423,-7.3528,28.44,73,85,4.63,CI,1680539745
144,saintes,45.6667,-0.75,10.28,65,91,5.12,FR,1680539296
145,tezu,27.9167,96.1667,16.53,81,86,2.36,IN,1680539296
146,inegol,40.0781,29.5133,19.6,55,100,1.99,TR,1680539297
147,new norfolk,-42.7826,147.0587,13.17,72,100,1.25,AU,1680539743
148,mudgee,-32.5943,149.5871,15.9,91,12,2.95,AU,1680539298
149,kirovskiy,45.0917,133.5136,9.32,67,100,3.23,RU,1680539298
150,seguela,7.9611,-6.6731,33.85,39,81,2.26,CI,1680539298
151,tiksi,71.6872,128.8694,-12.3,95,84,3.21,RU,1680539745
152,raduzhnyy,62.0961,77.475,-6.6,90,100,4.56,RU,1680539299
153,luderitz,-26.6481,15.1594,19.25,67,0,9.93,NA,1680539745
154,bengkulu,-3.8004,102.2655,24.34,89,100,2.84,ID,1680539746
155,surt,31.2089,16.5887,19.23,50,5,9.72,LY,1680539300
156,suzhou,31.3114,120.6181,16.35,80,100,9.42,CN,1680539300
157,mackenzie,55.2999,-123.1698,-4.88,74,0,1.54,CA,1680539301
158,faya,18.3851,42.4509,18.06,54,99,3.44,SA,1680539301
159,dikson,73.5069,80.5464,-27.26,100,85,4.21,RU,1680539746
160,archidona,37.0965,-4.3887,17.59,20,42,3.17,ES,1680539302
161,iqaluit,63.7506,-68.5145,-12.39,51,75,5.66,CA,1680539746
162,nyurba,63.2842,118.3319,-9.65,97,100,2.28,RU,1680539303
163,tsaratanana,-16.7833,47.65,24.43,86,100,0.37,MG,1680539303
164,talnakh,69.4865,88.3972,-28.22,98,64,4.02,RU,1680539746
165,cidreira,-30.1811,-50.2056,24.08,61,8,4.97,BR,1680539747
166,praya,14.9215,-23.5087,29.3,42,41,8.23,CV,1680539304
167,utevka,52.9035,50.9495,11.12,45,31,2.87,RU,1680539304
168,hagersville,42.9668,-80.0497,13.31,68,97,7.88,CA,1680539305
169,jega,12.2175,4.3792,39.6,5,39,2.97,NG,1680539305
170,kapaa,22.0752,-159.319,21.18,89,0,2.06,US,1680539747
171,atar,20.5169,-13.0499,37.24,5,2,6.74,MR,1680539747
172,ilulissat,69.2167,-51.1,-7.99,53,20,7.72,GL,1680539747
173,zharkent,44.1628,80.0,9.03,24,0,3.39,KZ,1680539149
174,lavrentiya,65.5833,-171.0,-16.07,97,100,2.82,RU,1680539747
175,turka,49.1541,23.0297,-2.34,94,100,5.44,UA,1680539306
176,lebu,-37.6167,-73.65,15.13,65,0,8.28,CL,1680539747
177,hovd,48.0056,91.6419,-8.18,22,0,2.45,MN,1680539306
178,belyy yar,53.6039,91.3903,-0.06,37,0,3.0,RU,1680539306
179,ossora,59.2353,163.0719,-8.04,97,99,1.95,RU,1680539306
180,enshi,30.3,109.4833,17.73,94,56,1.59,CN,1680539306
181,lasa,46.6166,10.7002,10.49,80,31,3.17,IT,1680539748
182,jacksonville,30.3322,-81.6556,28.34,69,100,6.17,US,1680539152
183,gamba,-2.65,10.0,28.09,72,93,4.06,GA,1680539307
184,mareeba,-17.0,145.4333,22.47,95,99,1.17,AU,1680539307
185,severnoye,56.3491,78.3619,-2.67,92,99,2.97,RU,1680539307
186,upernavik,72.7868,-56.1549,-23.65,92,76,1.36,GL,1680539748
187,kieta,-6.2167,155.6333,25.98,86,99,0.97,PG,1680539307
188,sobolevo,54.4299,31.8996,0.5,97,100,4.17,RU,1680539748
189,roald,62.5833,6.1333,7.96,76,75,4.12,NO,1680539748
190,tual,-5.6667,132.75,27.02,78,100,1.2,ID,1680539748
191,ouesso,1.6136,16.0517,30.9,53,86,0.74,CG,1680539307
192,roebourne,-20.7833,117.1333,28.54,72,12,6.0,AU,1680539307
193,provideniya,64.3833,-173.3,-14.87,98,93,3.33,RU,1680539748
194,ponta do sol,32.6667,-17.1,23.35,69,9,2.8,PT,1680539651
195,la rioja,42.25,-2.5,11.88,49,5,3.81,ES,1680539748
196,amol,36.4696,52.3507,12.4,74,4,2.06,IR,1680539031
197,saint-pierre,-21.3393,55.4781,24.82,88,40,2.06,RE,1680539469
198,samus,56.7475,84.6992,2.22,85,100,3.12,RU,1680539308
199,pasco,28.292,-82.4165,30.53,59,85,0.89,US,1680539308
200,chingirlau,51.095,54.0814,12.26,39,100,2.94,KZ,1680539308
201,srednekolymsk,67.45,153.6833,-26.04,97,74,1.93,RU,1680539308
202,sao filipe,14.8961,-24.4956,24.34,69,7,3.29,CV,1680539749
203,bida,9.0833,6.0167,40.08,9,8,0.58,NG,1680539308
204,kholtoson,50.2981,103.3097,-13.05,72,1,1.84,RU,1680539308
205,malartic,48.1335,-78.1328,-1.94,100,100,3.1,CA,1680539148
206,vila velha,-20.3297,-40.2925,27.97,62,20,6.17,BR,1680539749
207,iroquois falls,48.7669,-80.6831,0.08,100,100,1.7,CA,1680539309
208,klyuchi,52.2667,79.1667,1.31,49,0,3.12,RU,1680539309
209,esperance,-33.8667,121.9,19.42,81,98,2.93,AU,1680539749
210,forbes,-33.3833,148.0167,18.84,74,38,2.91,AU,1680539749
211,te anau,-45.4167,167.7167,9.0,93,73,0.38,NZ,1680539309
212,pauini,-7.7136,-66.9764,23.71,96,97,1.04,BR,1680539310
213,shimoda,34.6667,138.95,7.84,65,4,5.2,JP,1680539750
214,xining,36.6167,101.7667,2.08,79,100,2.5,CN,1680539750
215,moberly,39.4184,-92.4382,18.85,57,0,4.12,US,1680539310
216,jaen,38.0,-3.5,21.76,13,77,1.51,ES,1680539310
217,faanui,-16.4833,-151.75,27.34,72,61,1.53,PF,1680539750
218,maniitsoq,65.4167,-52.9,-1.14,61,15,3.21,GL,1680539310
219,tuktoyaktuk,69.4541,-133.0374,-25.0,77,20,2.06,CA,1680539750
220,prince rupert,54.3161,-130.3201,3.83,93,100,5.14,CA,1680539141
221,weligama,5.9667,80.4167,26.25,80,100,0.47,LK,1680539310
222,roata de jos,44.4108,25.5433,13.71,63,100,7.6,RO,1680539310
223,sokoni,-6.4333,39.55,28.92,78,100,5.42,TZ,1680539311
224,taoudenni,22.6783,-3.9836,36.79,4,0,1.4,ML,1680539311
225,akureyri,65.6835,-18.0878,6.96,76,40,0.51,IS,1680539311
226,veraval,20.9,70.3667,25.05,79,2,5.28,IN,1680539751
227,mocuba,-16.8392,36.9856,22.98,83,58,2.46,MZ,1680539311
228,saint george,37.1041,-113.5841,16.25,40,100,6.69,US,1680539464
229,yar-sale,66.8333,70.8333,-26.24,100,12,3.3,RU,1680539751
230,tawang,27.5833,91.8667,4.77,92,95,0.98,IN,1680539311
231,caravelas,-17.7125,-39.2481,26.67,76,39,5.03,BR,1680539751
232,berdigestyakh,62.0989,126.6992,-9.73,97,100,1.98,RU,1680539592
233,kruisfontein,-34.0033,24.7314,16.41,85,2,7.15,ZA,1680539751
234,saskylakh,71.9167,114.0833,-19.54,97,100,5.5,RU,1680539751
235,nelson bay,-32.7167,152.15,18.89,95,85,4.73,AU,1680539311
236,vrede,-27.4257,29.1659,18.15,45,94,2.87,ZA,1680539312
237,tarauaca,-8.1614,-70.7656,27.62,79,76,1.66,BR,1680539312
238,balikpapan,-1.2675,116.8289,24.55,94,20,2.57,ID,1680539312
239,tazovskiy,67.4667,78.7,-26.94,99,23,3.71,RU,1680539751
240,georgetown,5.4112,100.3354,26.64,89,20,0.0,MY,1680539566
241,namatanai,-3.6667,152.4333,26.24,82,92,2.51,PG,1680539752
242,yeniseysk,58.4497,92.1703,0.08,94,100,4.68,RU,1680539752
243,whitianga,-36.8333,175.7,12.79,90,15,2.45,NZ,1680539312
244,mezhdurechensk,53.6942,88.0603,-4.68,93,100,1.09,RU,1680539312
245,biak,-0.9131,122.8766,24.55,84,100,0.32,ID,1680539313
246,smoky lake,54.1169,-112.4686,-1.6,86,99,2.06,CA,1680539313
247,karlskrona,56.1616,15.5866,3.25,53,30,2.61,SE,1680539313
248,atuona,-9.8,-139.0333,26.35,83,99,6.14,PF,1680539748
249,requena,39.4883,-1.1004,13.62,29,58,3.26,ES,1680539752
250,dunedin,-45.8742,170.5036,13.22,73,89,1.9,NZ,1680539608
251,benjamin hill,30.1667,-111.1,20.23,14,7,6.14,MX,1680539313
252,madoc,44.5084,-77.4745,9.42,67,100,6.19,CA,1680539313
253,san quintin,30.4833,-115.95,13.49,71,85,9.28,MX,1680539313
254,bognor regis,50.7821,-0.6798,13.75,66,13,4.67,GB,1680539174
255,ostrovnoy,68.0531,39.5131,-8.01,87,24,6.04,RU,1680539752
256,lata,40.1629,-8.3327,19.4,39,100,4.32,PT,1680539314
257,wakkanai,45.4094,141.6739,4.27,72,39,4.79,JP,1680539314
258,fortuna,40.5982,-124.1573,6.06,93,87,2.64,US,1680539752
259,tarko-sale,64.9225,77.785,-18.53,94,74,5.92,RU,1680539314
260,laguna,38.421,-121.4238,10.16,48,15,2.24,US,1680539753
261,elizabeth city,36.2946,-76.2511,21.01,60,0,5.14,US,1680539151
262,gazojak,41.1875,61.4036,15.53,37,79,0.7,TM,1680539314
263,qeshm,26.9581,56.2719,22.93,58,0,8.61,IR,1680539314
264,navoloki,57.4657,41.9634,9.06,74,100,2.42,RU,1680539314
265,genhe,50.7833,121.5167,-6.03,51,8,6.51,CN,1680539314
266,naze,28.3667,129.4833,18.51,61,94,9.34,JP,1680539753
267,hohhot,40.8106,111.6522,3.16,87,40,5.0,CN,1680539314
268,ibb,13.9667,44.1833,19.09,71,100,1.45,YE,1680539315
269,yumen,40.2833,97.2,4.81,24,100,7.71,CN,1680539753
270,iracoubo,5.4802,-53.2011,28.04,60,61,4.57,GF,1680539315
271,cookeville,36.1628,-85.5016,18.14,65,75,2.57,US,1680539315
272,at-bashi,41.1702,75.8106,-0.01,45,75,2.63,KG,1680539753
273,kyaikkami,16.08,97.5675,28.3,75,4,7.61,MM,1680539753
274,emerald,-23.5333,148.1667,21.66,80,71,3.3,AU,1680539315
275,ahipara,-35.1667,173.1667,16.04,66,19,4.9,NZ,1680539753
276,smithers,54.7804,-127.1743,-3.82,80,75,2.06,CA,1680539315
277,deputatskiy,69.3,139.9,-19.35,99,85,1.84,RU,1680539754
278,verkhnyaya inta,65.9811,60.3094,-16.4,88,4,1.85,RU,1680539316
279,luanda,-8.8368,13.2343,30.0,66,40,6.17,AO,1680539023
280,cayenne,4.9333,-52.3333,29.02,65,75,5.66,GF,1680539754
281,traun,48.2266,14.2346,5.13,56,75,5.14,AT,1680539316
282,urumqi,43.801,87.6005,-2.47,43,0,2.0,CN,1680539316
283,axim,4.8699,-2.2405,29.1,70,66,4.76,GH,1680539316
284,malinovoye ozero,51.6753,79.7825,0.66,51,0,2.6,RU,1680539316
285,cockburn town,21.4612,-71.1419,27.98,61,40,5.14,TC,1680539316
286,hilo,19.7297,-155.09,21.82,97,75,1.54,US,1680539754
287,rocha,-34.4833,-54.3333,16.49,87,100,1.99,UY,1680539754
288,paranaiba,-19.6772,-51.1908,29.16,57,0,1.99,BR,1680539316
289,alice springs,-23.7,133.8833,16.75,88,40,0.0,AU,1680539316
290,coquimbo,-29.9533,-71.3436,17.85,82,75,5.66,CL,1680539754
291,melbu,68.5044,14.8297,3.9,81,75,7.72,NO,1680539317
292,kahului,20.8947,-156.47,25.47,74,20,4.12,US,1680539470
293,mount gambier,-37.8333,140.7667,10.32,95,52,1.98,AU,1680539500
294,yulara,-25.2406,130.9889,23.07,35,57,5.58,AU,1680539755
295,bloomfield,40.8068,-74.1854,15.44,43,0,6.17,US,1680539208
296,clyde river,70.4692,-68.5914,-23.87,77,0,3.6,CA,1680539755
297,montepulciano,43.1017,11.7868,11.73,49,5,7.86,IT,1680539235
298,tala,30.6803,30.9429,25.23,12,0,3.02,EG,1680539317
299,hay river,60.8156,-115.7999,-14.02,78,75,3.6,CA,1680539317
300,armidale,-30.5167,151.65,9.61,98,34,2.44,AU,1680539317
301,berlevag,70.8578,29.0864,-1.0,69,40,15.95,NO,1680539755
302,bulancak,40.9372,38.2291,10.9,93,40,0.51,TR,1680539317
303,gorontalo,0.5412,123.0595,23.83,95,100,1.64,ID,1680539317
304,los llanos de aridane,28.6585,-17.9182,21.74,77,20,8.23,ES,1680539755
305,moussoro,13.6408,16.4901,38.42,9,14,4.44,TD,1680539317
306,erzin,36.9559,36.2,16.02,66,74,1.15,TR,1680539317
307,black river,18.0264,-77.8487,29.05,53,1,2.93,JM,1680539317
308,paita,-5.0892,-81.1144,28.34,69,98,1.69,PE,1680539755
309,hervey bay,-25.2986,152.8535,21.98,86,2,4.62,AU,1680539062
310,pechenga,69.5259,31.1703,-2.46,78,96,11.07,RU,1680539317
311,kununurra,-15.7667,128.7333,23.99,94,48,1.54,AU,1680539755
312,masvingo,-20.0637,30.8277,21.55,57,10,3.14,ZW,1680539318
313,palanga,55.9175,21.0686,2.01,64,0,5.14,LT,1680539318
314,ust-maya,60.4167,134.5333,-7.5,96,100,3.75,RU,1680539318
315,poum,-20.2333,164.0167,26.78,81,77,3.18,NC,1680539756
316,port hedland,-20.3167,118.5667,27.03,83,34,3.6,AU,1680539318
317,petropavlovsk-kamchatskiy,53.0452,158.6483,0.33,75,0,6.0,RU,1680539318
318,itupiranga,-5.1347,-49.3267,30.18,97,100,1.95,BR,1680539318
319,alofi,-19.0595,-169.9187,24.94,88,75,4.63,NU,1680539318
320,altay,47.8667,88.1167,-6.11,44,0,3.66,CN,1680539322
321,leningradskiy,69.3833,178.4167,-33.13,99,27,2.56,RU,1680539756
322,yazykovo,55.2199,56.1353,6.75,75,69,2.38,RU,1680539323
323,taltal,-25.4,-70.4833,22.24,80,41,2.46,CL,1680539528
324,glazov,58.1394,52.6584,4.75,87,60,2.3,RU,1680539323
325,balaipungut,1.05,101.2833,23.68,98,100,1.15,ID,1680539323
326,chokurdakh,70.6333,147.9167,-13.84,94,100,5.04,RU,1680539756
327,stornoway,58.2093,-6.3865,10.52,68,20,6.17,GB,1680539756
328,zhigansk,66.7697,123.3711,-7.7,95,99,6.88,RU,1680539323
329,staroye drozhzhanoye,54.7266,47.5677,9.64,45,16,3.46,RU,1680539323
330,nikolskoye,59.7035,30.7861,-0.05,94,100,4.57,RU,1680539756
331,anadyr,64.75,177.4833,-24.72,84,20,7.0,RU,1680539757
332,praia da vitoria,38.7333,-27.0667,18.2,67,75,3.08,PT,1680539323
333,jardim,-21.4803,-56.1381,30.89,50,0,2.45,BR,1680539194
334,lagoa,39.05,-27.9833,14.56,69,94,5.76,PT,1680539757
335,birao,10.2849,22.7882,37.95,8,50,3.06,CF,1680539324
336,batemans bay,-35.7167,150.1833,17.28,93,45,1.99,AU,1680539324
337,churapcha,62.0025,132.4325,-11.96,93,100,4.0,RU,1680539324
338,saint anthony,45.0205,-93.218,5.56,66,0,5.14,US,1680539757
339,egvekinot,66.3167,-179.1667,-25.63,91,90,4.69,RU,1680539324
340,jiamusi,46.8333,130.35,8.64,28,100,7.26,CN,1680539325
341,carauari,-4.8828,-66.8958,30.91,59,79,1.19,BR,1680539325
342,otorohanga,-38.1833,175.2,11.29,99,32,1.22,NZ,1680539325
343,iquique,-20.2208,-70.1431,27.02,75,94,2.84,CL,1680539501
344,longyearbyen,78.2186,15.6401,-11.09,79,100,10.8,SJ,1680539757
345,adeje,28.1227,-16.726,24.5,74,20,5.14,ES,1680539325
346,ola,59.5833,151.2833,-16.87,83,4,3.43,RU,1680539325
347,idrinskoye,54.3708,92.1358,-6.35,80,94,1.31,RU,1680539325
348,brisbane,-27.4679,153.0281,20.48,85,75,2.06,AU,1680539255
349,nuuk,64.1835,-51.7216,-0.66,64,0,6.17,GL,1680539326
350,zaysan,47.4667,84.8667,-1.75,30,0,1.0,KZ,1680539123
351,lorengau,-2.0226,147.2712,26.51,77,84,1.25,PG,1680539758
352,springbok,-29.6643,17.8865,20.77,34,0,6.54,ZA,1680539326
353,pa sang,18.5262,98.9394,30.11,35,6,1.87,TH,1680539326
354,buraydah,26.326,43.975,23.25,12,0,4.44,SA,1680539326
355,tiarei,-17.5333,-149.3333,26.01,72,79,1.88,PF,1680539326
356,moju,-1.8839,-48.7689,26.32,89,98,0.49,BR,1680539326
357,olinda,-8.0089,-34.8553,29.85,66,20,5.14,BR,1680539326
358,panama city,8.9936,-79.5197,34.54,52,20,7.72,PA,1680539326
359,vila franca do campo,37.7167,-25.4333,16.23,60,40,1.7,PT,1680539758
360,kokstad,-30.5472,29.4241,14.73,90,82,2.6,ZA,1680539326
361,vardo,70.3705,31.1107,-2.01,74,100,10.29,NO,1680539758
362,haicheng,40.8516,122.7475,12.62,35,100,5.3,CN,1680539326
363,luganville,-15.5333,167.1667,26.53,85,66,2.59,VU,1680539326
364,hithadhoo,-0.6,73.0833,28.36,72,43,3.36,MV,1680539758
365,solnechnyy,50.7214,136.6319,6.23,76,100,4.03,RU,1680539759
366,huesca,42.1362,-0.4087,17.81,37,0,6.17,ES,1680539327
367,lompoc,34.6391,-120.4579,12.0,59,20,8.75,US,1680539532
368,tateyama,34.9833,139.8667,10.38,61,6,4.74,JP,1680539759
369,leh,34.1667,77.5833,-4.67,69,95,1.37,IN,1680539327
370,lucea,18.451,-78.1736,28.92,63,4,5.21,JM,1680539327
371,nioro,13.35,-15.75,38.96,14,14,6.94,GM,1680539759
372,pacifica,37.6138,-122.4869,10.23,59,20,8.05,US,1680539163
373,vila praia de ancora,41.811,-8.8526,17.28,61,100,2.1,PT,1680539327
374,la paz,-16.5,-68.15,14.99,47,40,2.06,BO,1680539327
375,mwanza,-2.5167,32.9,20.03,83,75,0.0,TZ,1680539327
376,sibolga,1.7427,98.7792,24.91,87,100,1.24,ID,1680539327
377,sao jose da coroa grande,-8.8978,-35.1478,29.17,62,22,4.01,BR,1680539328
378,acri,39.4929,16.3838,7.01,84,100,8.23,IT,1680539328
379,beringovskiy,63.05,179.3167,-14.22,92,94,5.89,RU,1680539759
380,wasilla,61.5814,-149.4394,-3.01,56,0,5.14,US,1680539098
381,suoyarvi,62.0833,32.35,-3.26,86,91,4.88,RU,1680539328
382,mogocha,53.7333,119.7667,-10.76,71,75,4.44,RU,1680539328
383,sikasso,10.9167,-7.0,35.89,25,77,2.84,ML,1680539328
384,mayo,38.8876,-76.5119,18.06,60,20,8.23,US,1680539328
385,evensk,61.95,159.2333,-16.45,73,99,4.9,RU,1680539328
386,linjiang,41.8069,126.9078,11.91,46,100,1.25,CN,1680539328
387,tempio pausania,40.8974,9.1035,14.51,49,97,3.95,IT,1680539329
388,yei,4.095,30.6779,27.06,48,79,2.55,SS,1680539329
389,kingisepp,59.3733,28.6134,-0.92,90,100,4.45,RU,1680539162
390,zholymbet,51.7433,71.7122,5.32,51,65,4.05,KZ,1680539329
391,verkhnevilyuysk,63.4453,120.3167,-10.22,98,100,1.67,RU,1680539330
392,chapais,49.7834,-74.8492,-4.12,96,100,3.82,CA,1680539330
393,tubuala,9.5167,-79.0333,26.51,83,98,5.86,PA,1680539330
394,churachandpur,24.3333,93.6667,14.39,90,25,0.91,IN,1680539330
395,tambura,5.6,27.4667,32.92,18,4,1.84,SS,1680539330
396,shinpokh,34.3292,71.1782,17.67,77,100,0.94,PK,1680539330
397,portland,45.5234,-122.6762,5.05,93,75,2.57,US,1680539760
398,conde,-7.2597,-34.9075,30.7,62,40,5.14,BR,1680539330
399,thibodaux,29.7958,-90.8229,28.32,76,15,3.58,US,1680539184
400,igmaya-an,10.5499,123.2206,21.31,85,100,1.57,PH,1680539330
401,labytnangi,66.6572,66.4183,-22.72,92,22,2.5,RU,1680539330
402,sorland,67.667,12.6934,4.92,84,63,7.02,NO,1680539760
403,colchester,51.8892,0.9042,10.51,54,4,5.78,GB,1680539330
404,port-gentil,-0.7193,8.7815,28.02,77,94,5.84,GA,1680539331
405,daru,-9.0763,143.2092,24.83,90,100,0.69,PG,1680539760
406,abeokuta,7.15,3.35,29.87,65,89,6.1,NG,1680539331
407,youghal,51.95,-7.8506,9.56,83,100,6.98,IE,1680539331
408,shingu,33.7333,135.9833,13.73,77,97,0.99,JP,1680539331
409,victoria,22.2855,114.1577,22.76,94,99,5.81,HK,1680539661
410,hami,42.8,93.45,4.1,35,100,9.15,CN,1680539761
411,matay,28.419,30.7792,27.31,10,0,2.65,EG,1680539331
412,shenjiamen,29.9576,122.298,15.58,88,100,9.28,CN,1680539761
413,klaksvik,62.2266,-6.589,8.51,89,99,10.8,FO,1680539761
414,terney,45.0503,136.6092,7.49,72,100,1.29,RU,1680539331
415,shelburne,44.0787,-80.2041,9.25,71,96,7.66,CA,1680539331
416,torbay,47.6666,-52.7314,1.99,69,75,14.4,CA,1680539761
417,caucaia,-3.7361,-38.6531,29.97,73,75,4.12,BR,1680539331
418,raahe,64.6833,24.4833,0.05,90,39,1.84,FI,1680539331
419,guerrero negro,27.9769,-114.0611,15.64,69,97,9.39,MX,1680539762
420,kalmunai,7.4167,81.8167,27.33,76,37,3.91,LK,1680539331
421,teruel,40.6667,-0.6667,10.01,38,0,7.07,ES,1680539332
422,dom pedrito,-30.9828,-54.6731,27.62,35,47,1.83,BR,1680539332
423,nampula,-15.1165,39.2666,24.97,83,20,4.63,MZ,1680539065
424,sale,34.0389,-6.8166,23.13,73,5,4.12,MA,1680539332
425,kawalu,-7.3817,108.2082,22.47,95,99,0.65,ID,1680539332
426,tartagal,-22.5164,-63.8013,32.67,36,1,3.66,AR,1680539332
427,nacala,-14.5428,40.6728,24.08,94,34,2.81,MZ,1680539332
428,palauig,15.435,119.9045,26.6,78,55,1.43,PH,1680539332
429,thunder bay,48.4001,-89.3168,-4.05,68,75,2.57,CA,1680539292
430,makakilo city,21.3469,-158.0858,22.18,91,100,2.57,US,1680539762
431,geraldton,-28.7667,114.6,20.23,83,40,4.12,AU,1680539762
432,puerto baquerizo moreno,-0.9,-89.6,29.55,74,20,4.12,EC,1680539332
433,asfi,32.2994,-9.2372,19.55,65,0,8.02,MA,1680539332
434,cabo san lucas,22.8909,-109.9124,26.7,47,40,0.0,MX,1680539763
435,tibacuy,4.3511,-72.4564,33.04,41,26,3.02,CO,1680539333
436,suhbaatar,50.2314,106.2078,-5.96,44,32,2.38,MN,1680539333
437,ancud,-41.8697,-73.8203,14.17,59,0,2.26,CL,1680539763
438,turukhansk,65.8167,87.9833,-14.46,91,100,7.1,RU,1680539333
439,riyadh,24.6877,46.7219,23.08,11,0,4.25,SA,1680539206
440,muros,42.7762,-9.0603,16.72,64,100,1.31,ES,1680539763
441,paris,48.8534,2.3488,12.86,49,0,7.2,FR,1680539333
442,varkkallai,8.7341,76.7067,28.88,83,64,2.63,IN,1680539333
443,oussouye,12.485,-16.5469,36.1,32,50,5.37,SN,1680539334
444,teknaf,20.8624,92.3058,24.9,84,0,2.26,BD,1680539334
445,baillif,16.0202,-61.7463,28.72,68,43,6.32,GP,1680539334
446,nishihara,26.1842,127.7558,20.6,64,75,7.72,JP,1680539334
447,vestmanna,62.1564,-7.1664,7.51,81,100,9.26,FO,1680539764
448,rondonopolis,-16.4708,-54.6356,31.47,52,1,2.29,BR,1680539080
449,khani,41.9563,42.9566,7.76,95,100,0.49,GE,1680539334
450,salalah,17.0151,54.0924,29.05,74,20,1.03,OM,1680539764
451,coolum beach,-26.5333,153.1,21.17,89,33,4.13,AU,1680539334
452,tahoua,14.8888,5.2692,37.99,7,0,2.06,NE,1680539334
453,bahia de caraquez,-0.6,-80.4167,30.1,87,100,1.6,EC,1680539334
454,walvis bay,-22.9575,14.5053,24.53,50,0,6.17,NA,1680539334
455,phangnga,8.4509,98.5298,27.02,82,100,1.15,TH,1680539036
456,mizdah,31.4451,12.9801,17.91,23,3,11.7,LY,1680539334
457,tiszakecske,46.9326,20.1035,8.39,55,56,8.62,HU,1680539334
458,bagotville,-28.9833,153.4167,18.13,93,23,3.09,AU,1680539334
459,avera,33.194,-82.5271,15.31,54,100,2.98,US,1680539765
460,futtsu,35.3053,139.8186,12.06,54,8,4.46,JP,1680539335
461,rosarito,32.3333,-117.0333,13.53,72,100,5.81,MX,1680539335
462,tomatlan,19.9333,-105.25,29.5,45,89,1.48,MX,1680539335
463,krasnoselkup,65.7,82.4667,-19.03,94,99,6.46,RU,1680539713
464,campoverde,-8.4753,-74.8058,30.83,98,100,0.05,PE,1680539336
465,crotone,39.0851,17.1178,13.97,82,75,2.57,IT,1680539336
466,ayan,56.45,138.1667,-5.34,96,100,4.19,RU,1680539336
467,cassilandia,-19.1133,-51.7342,28.26,61,0,2.26,BR,1680539336
468,benguela,-12.5763,13.4055,28.12,77,56,3.78,AO,1680539336
469,aksarka,66.5606,67.7975,-21.11,93,26,3.11,RU,1680539336
470,jalingo,8.8833,11.3667,39.45,9,68,2.62,NG,1680539337
471,sarkand,45.41,79.9186,5.22,34,0,1.43,KZ,1680539337
472,aiken,33.5835,-81.5998,18.95,91,75,5.14,US,1680539337
473,oxbow,49.2333,-102.1676,-11.87,86,100,3.16,CA,1680539337
474,beyneu,45.3167,55.2,13.63,36,100,3.49,KZ,1680539337
475,redcar,54.6166,-1.06,13.38,61,41,4.02,GB,1680539337
476,christchurch,-43.5333,172.6333,7.19,93,11,1.54,NZ,1680539766
477,broome,42.2506,-75.833,14.7,39,0,6.71,US,1680539766
478,parana,-31.732,-60.5238,25.32,62,89,1.08,AR,1680539081
479,monrovia,6.3005,-10.7969,29.87,67,93,5.36,LR,1680539337
480,gore,-46.1028,168.9436,7.42,91,75,0.86,NZ,1680539337
481,nome,64.5011,-165.4064,-14.96,85,100,3.09,US,1680539542
482,inongo,-1.95,18.2667,25.7,78,89,2.11,CD,1680539337
483,semme,46.1963,1.5007,7.23,67,98,4.46,FR,1680539338
484,isangel,-19.55,169.2667,26.1,86,31,3.1,VU,1680539766
485,chiang klang,19.2938,100.8617,29.01,30,63,0.92,TH,1680539338
486,karratha,-20.7377,116.8463,28.28,74,12,5.15,AU,1680539767
487,vaitape,-16.5167,-151.75,27.52,70,61,1.54,PF,1680539338
488,barth,54.3635,12.7249,4.49,55,8,4.61,DE,1680539338
489,sainte-marie,-20.8968,55.5496,26.07,78,75,2.06,RE,1680539338
490,yerbogachen,61.2767,108.0108,-4.84,94,100,5.72,RU,1680539768
491,antanifotsy,-19.65,47.3167,16.19,94,100,0.32,MG,1680539339
492,kalakamati,-20.5929,27.3121,26.85,28,71,3.65,BW,1680539339
493,coxim,-18.5067,-54.76,30.43,56,0,2.42,BR,1680539113
494,marsh harbour,26.5412,-77.0636,24.48,73,49,2.7,BS,1680539339
495,oranjemund,-28.55,16.4333,17.06,79,0,9.19,NA,1680539768
496,heihe,50.2441,127.4902,1.32,34,51,7.39,CN,1680539339
497,monchegorsk,67.9397,32.8739,-5.18,93,81,4.19,RU,1680539050
498,nhulunbuy,-12.2333,136.7667,26.34,94,96,1.03,AU,1680539339
499,solginskiy,61.05,41.3428,-0.21,98,100,3.92,RU,1680539339
500,the pas,53.8251,-101.2541,-17.99,65,0,3.09,CA,1680539339
501,fort dodge,42.4975,-94.168,9.34,46,100,2.06,US,1680539339
502,buluang,13.3068,123.3425,23.6,92,40,1.91,PH,1680539339
503,aden,12.7794,45.0367,29.47,65,100,3.95,YE,1680539143
504,west wendover,40.7391,-114.0733,0.56,86,75,4.63,US,1680539339
505,ihiala,5.8538,6.8603,28.5,69,99,3.73,NG,1680539339
506,beira,-19.8436,34.8389,25.05,78,20,3.6,MZ,1680539207
507,aguimes,27.9054,-15.4461,23.35,44,20,13.38,ES,1680539340
508,sioux lookout,50.1001,-91.917,-8.96,67,40,3.6,CA,1680539340
509,kamina,-8.7386,24.9906,21.88,86,96,0.48,CD,1680539045
510,alta floresta,-9.8756,-56.0861,27.9,74,40,1.03,BR,1680539340
511,hartford,41.7668,-72.7662,12.26,40,0,4.12,US,1680539327
512,slave lake,55.2834,-114.769,-2.01,80,100,0.0,CA,1680539769
513,yaan,7.3833,8.5667,38.2,24,19,1.37,NG,1680539340
514,bodden town,19.2833,-81.25,30.0,73,20,5.14,KY,1680539341
515,la libertad,-2.2333,-80.9,28.81,84,40,4.12,EC,1680539341
516,north platte,41.1239,-100.7654,8.94,38,0,12.35,US,1680539341
517,karasburg,-28.0167,18.75,21.74,20,0,3.89,NA,1680539769
518,severo-yeniseyskiy,60.3725,93.0408,-2.16,93,100,5.31,RU,1680539341
519,gidole,5.65,37.3667,16.24,66,92,1.49,ET,1680539341
520,sohag,26.557,31.6948,27.61,7,77,2.67,EG,1680539346
521,primorsk,46.7348,36.3443,8.61,85,54,4.54,UA,1680539346
522,kerchevskiy,59.946,56.2884,2.93,99,100,2.02,RU,1680539346
523,bubaque,11.2833,-15.8333,26.15,73,8,5.57,GW,1680539770
524,popondetta,-8.7537,148.2534,22.98,91,89,1.14,PG,1680539346
525,port moresby,-9.4431,147.1797,24.68,100,75,2.06,PG,1680539346
526,nerchinskiy zavod,51.3088,119.61,-7.77,60,31,6.6,RU,1680539347
527,mandali,33.7499,45.5541,18.8,46,0,4.35,IQ,1680539347
528,bilibino,68.0546,166.4372,-33.47,100,67,1.83,RU,1680539347
529,slavuta,50.3016,26.8651,1.54,94,100,5.18,UA,1680539347
530,canico,32.6333,-16.85,23.35,67,20,6.17,PT,1680539347
531,chachapoyas,-6.2317,-77.869,18.52,64,98,1.91,PE,1680539347
532,westport,41.1415,-73.3579,13.02,47,18,1.79,US,1680539287
533,takoradi,4.8845,-1.7554,28.89,72,72,5.96,GH,1680539770
534,shaunavon,49.6501,-108.4181,-8.12,92,100,1.95,CA,1680539347
535,gizo,-8.103,156.8419,27.81,77,77,1.67,SB,1680539347
536,cermik,38.1361,39.4493,13.39,79,17,1.86,TR,1680539348
537,cilegon,-6.0174,106.0538,25.72,81,100,4.08,ID,1680539348
538,merauke,-8.4667,140.3333,24.64,91,100,2.78,ID,1680539349
539,granja,-3.1203,-40.8261,28.37,78,78,2.28,BR,1680539349
540,grindavik,63.8424,-22.4338,9.26,93,100,14.4,IS,1680539648
541,melton,-37.6833,144.5833,14.68,76,86,0.84,AU,1680539349
542,rajgir,25.0333,85.4167,28.86,24,23,1.84,IN,1680539349
543,george town,5.4112,100.3354,26.64,89,20,0.0,MY,1680539224
544,agadir,30.4202,-9.5982,21.25,43,1,3.98,MA,1680539349
545,heyang,26.1011,107.473,21.35,56,2,3.66,CN,1680539349
546,changping,40.2186,116.2197,15.8,35,100,2.22,CN,1680539350
547,belaya gora,68.5333,146.4167,-15.78,88,100,3.23,RU,1680539350
548,henties bay,-22.116,14.2845,17.06,81,1,5.74,NA,1680539771
549,peleduy,59.6289,112.7406,-5.07,94,100,5.44,RU,1680539771
550,havre,49.5833,0.3333,11.87,54,0,4.63,FR,1680539351
551,igrim,63.1906,64.4162,-5.8,72,100,4.41,RU,1680539351
552,morristown,36.214,-83.2949,16.61,57,0,0.45,US,1680539351
553,santa cruz de la palma,28.6835,-17.7642,23.41,64,20,8.23,ES,1680539351
554,pathein,16.7833,94.7333,25.35,78,37,3.92,MM,1680539351
555,plaster rock,46.9065,-67.39,3.66,86,98,4.07,CA,1680539352
556,ullapool,57.8987,-5.1604,13.53,53,100,1.46,GB,1680539352
557,richards bay,-28.783,32.0377,25.03,82,15,1.7,ZA,1680539352
558,kandalaksha,67.162,32.4123,-8.52,99,85,1.86,RU,1680539352
559,visby,57.6409,18.296,2.81,69,20,4.63,SE,1680539351
560,sola,-13.8833,167.55,28.25,75,65,6.9,VU,1680539353
561,sao lourenco do oeste,-26.3592,-52.8511,26.33,46,5,2.87,BR,1680539354
562,qasigiannguit,68.8193,-51.1922,-7.86,89,45,1.22,GL,1680539354
563,ambunti,-4.2365,142.8448,23.15,99,100,0.84,PG,1680539354
564,tierralta,8.1736,-76.0592,31.16,63,72,0.67,CO,1680539354
565,kavieng,-2.5744,150.7967,27.3,78,90,2.63,PG,1680539771
566,dembi dolo,8.5333,34.8,22.86,28,29,2.41,ET,1680539354
567,valle de allende,26.9333,-105.4,23.24,15,100,2.54,MX,1680539354
568,parakou,9.3372,2.6303,38.38,17,39,0.88,BJ,1680539334
569,vero beach,27.6386,-80.3973,31.7,64,40,5.66,US,1680539354
570,jaguey grande,22.5269,-81.1286,32.31,29,4,3.11,CU,1680539355
571,dong hoi,17.4833,106.6,24.73,88,26,3.49,VN,1680539355
572,port keats,-14.25,129.55,26.7,75,95,0.62,AU,1680539356
573,muyezerskiy,63.9333,31.65,-5.8,88,68,2.39,RU,1680539356
574,nivala,63.9167,24.9667,-0.73,90,71,0.52,FI,1680539356
575,batagay,67.6333,134.6333,-16.89,96,46,2.39,RU,1680539356
576,imbituba,-28.24,-48.6703,27.7,57,7,6.36,BR,1680539720
577,lillesand,58.2488,8.3778,7.97,65,0,3.09,NO,1680539356
578,tekirdag,40.978,27.5085,13.64,82,100,5.79,TR,1680539357
579,gat,31.61,34.7642,25.22,40,0,3.7,IL,1680539773
580,jalu,29.0331,21.5482,26.0,30,0,7.74,LY,1680539357
581,sharjah,25.3573,55.4033,22.16,56,0,5.14,AE,1680539357
582,tuatapere,-46.1333,167.6833,9.97,91,52,1.5,NZ,1680539751
583,novikovo,51.1537,37.8879,8.32,89,100,2.48,RU,1680539357
584,port pirie,-33.1833,138.0167,18.58,35,1,3.0,AU,1680539357
585,guantanamo,20.1444,-75.2092,30.26,30,5,2.69,CU,1680539357
586,nahrin,36.0649,69.1334,11.31,89,100,2.18,AF,1680539357
587,caraballeda,10.6112,-66.8522,33.26,56,8,6.17,VE,1680539358
588,zhanaozen,43.3,52.8,10.63,48,45,0.09,KZ,1680539773
589,gornyy,55.1153,83.9059,-3.25,81,99,4.62,RU,1680539358
590,khandbari,27.3747,87.2039,17.14,66,82,1.98,NP,1680539358
591,high prairie,55.4334,-116.4858,-2.96,85,90,1.57,CA,1680539358
592,dingzhou,38.5131,114.9956,10.06,80,100,1.85,CN,1680539359
593,mersing,2.4312,103.8405,24.95,94,20,1.54,MY,1680539359
594,la tuque,47.4334,-72.7824,1.14,47,100,4.12,CA,1680539359
595,sidrolandia,-20.9319,-54.9614,29.73,47,0,3.54,BR,1680539359
596,rawson,-43.3002,-65.1023,19.3,39,0,2.25,AR,1680539359
597,timra,62.487,17.3257,-1.18,80,0,3.6,SE,1680539360
598,pacific grove,36.6177,-121.9166,10.5,58,0,11.18,US,1680539562
